Original Value,Encoded Value
-0.6009549959992802,0
1.6640181155947953,1
